,식품명,kcal,prt,fat,carb
0,귀리,380,11.4,7.35,67.71
1,오트밀,382,13.2,8.2,64.9
2,기장,360,11.2,1.9,74.6
3,메밀,363,13.64,3.38,67.84
4,메밀 국수,291,7.59,0.96,61.14
5,메밀 냉면,360,10.74,1.44,73.66
6,메밀묵,58,0.86,0.23,12.8
7,멥쌀,343,6.5,2,75.8
8,쌀,366,6.81,1.05,78.74
9,칠분도미,348,6.3,1.5,76.6
10,현미,357,7.33,2.23,75.92
11,누룽지,393,6.8,0.2,86.8
12,밥,143,2.72,0.48,31.02
13,즉석밥(백미),152,2.11,0.28,33.59
14,즉석밥(잡곡밥),150,2.83,0.38,33.76
15,멥쌀 과자,469,3.2,15.9,78.2
16,쌀국수,340,9.1,1.5,72.6
17,가래떡,213,3.71,0.37,48.8
18,개피떡(바람떡),207,4.3,0.8,45.6
19,꿀떡,210,3.09,1.46,46.14
20,무지개떡,229,3.5,0.3,53
21,백설기,245,3.99,0.52,53.45
22,송편,200,6.9,0.8,41.2
23,모싯잎송편,190,5.65,0.66,40.29
24,시루떡,183,5.83,0.41,38.94
25,절편,215,3.69,0.49,49.04
26,증편,195,3.02,0.43,44.66
27,미숫가루,398,14.52,5.48,76.17
28,밀,333,10.6,1,75.8
29,강력분,334,13.59,1.11,72.89
30,도넛가루,404,8.5,6.8,73.9
31,박력분,374,9.15,0.94,77.73
32,부침가루,368,9.8,0.98,75.52
33,빵가루,392,11.95,2.05,77.04
34,밀가루,375,10.34,1.01,76.64
35,호떡 믹스,385,8,5,77
36,미강,90,2.78,3.8,11.1
37,통밀가루,365,11.9,1.6,71.5
38,식빵 믹스,382,12.36,6.3,69.2
39,튀김가루,367,7.22,0.8,78.41
40,팬케이크가루,394,7.9,4.9,75.9
41,꽃빵,246,5.71,1.71,51.17
42,건빵,419,9.92,8.67,75.37
43,대추꿀약과,428,4.5,16.3,65.7
44,마카로니,457,11.5,13.96,71.28
45,만주,330,6.35,2.39,70.86
46,모나카,346,3.35,0.29,82.62
47,바닐라 웨하스,521,4.1,26.9,65.6
48,비스킷,489,5.7,24.93,60.34
49,뻥튀기,383,11.06,1.07,82.29
50,사과파이,471,5.5,21,64.98
51,약과,422,3.8,13.3,71.7
52,전병,390,7,3.2,84.9
53,초코볼,501,4.3,22.5,70.2
54,초코파이,428,4.29,15.57,67.59
55,쿠키,493,8.36,20.87,67.97
56,크랙커,513,7,27.8,58.8
57,국수,291,7.25,0.87,60.09
58,소면,370,10.36,1.27,74.88
59,중면,366,10.4,1.21,73.94
60,라면,500,10,16,79
61,라면사리,315,9,2.2,65
62,페투치네,98,6,2.7,14
63,스파게티면,365,11.78,1.28,76.64
64,우동면,164,3.33,1.25,33.09
65,중국국수면,249,8.6,1.2,55.7
66,쫄면,348,9.16,1.08,71.29
67,칼국수면,303,7.25,0.87,63.02
68,건포도빵,263,8.2,3.5,51.1
69,곰보빵,415,9.5,14.54,61.44
70,꽈배기,404,7.9,20.4,47.2
71,난,257,10.3,3.4,47.6
72,도넛,426,7.3,26,40.6
73,롤빵,309,10.1,9,48.6
74,마늘빵,424,9.8,17.2,57.5
75,머핀,296,6.9,11.4,41.4
76,모닝빵,316,9.06,4.91,58.99
77,모카빵,354,8.31,7.53,63.29
78,바게트,289,9.4,1.3,57.5
79,베이글,270,9.6,2,54.6
80,붕어빵,254,4.81,6.44,44.12
81,소시지빵,323,10.59,16.52,33
82,식빵,279,9.01,4.91,49.68
83,옥수수빵,321,7.4,10.2,49.1
84,와플,291,7.9,14.1,32.9
85,잼빵,285,5.3,3.9,58.1
86,찐빵,239,5.4,0.9,52.4
87,카스텔라,299,6.91,3.72,59.46
88,크루아상,438,7.9,26.8,43.9
89,크로켓,307,6,18.2,29.7
90,크림빵,275,6,7.7,45.5
91,팥빵,253,7.57,3.17,48.51
92,페이스트리,457,8.6,26.3,46.5
93,피칸파이,407,4.5,16.69,59.61
94,케이크,324,2.9,9.1,61.6
95,롤 케이크,369,7.51,20.22,39.24
96,배 케이크,296,6.2,10.8,43.5
97,쇼튼드 케이크,318,6.9,15.2,42.3
98,스폰지 케이크,352,6.6,15.2,47.2
99,엔젤푸드 케이크,258,5.9,0.8,57.8
100,치즈 샌드 크래커,503,10.1,25.3,58.2
101,초콜릿 케이크,417,5.23,22.09,49.31
102,치즈 케이크,331,5.87,21.32,28.82
103,파운드 케이크,408,5.66,20.71,49.65
104,팬케이크,227,6.4,9.7,28.3
105,겉보리,349,8.75,1.67,76.89
106,맥주보리,352,10,1,78
107,쌀보리,341,8.66,1.66,75.04
108,엿기름,358,14.65,2.71,71.68
109,수수,374,11.67,3.01,73.63
110,찰수수,371,11.2,3.22,72.91
111,통수수,360,10.5,3.1,76.5
112,수수경단,218,8.2,1.4,43.1
113,시리얼,390,6.65,1.68,86.99
114,아마란스,383,17.09,5.94,67.27
115,단옥수수,118,4.01,1.5,23.39
116,메옥수수,178,5.34,2.06,36.26
117,찰옥수수,141,4.79,1.4,28.96
118,강냉이,409,7.16,3.25,87.9
119,팝콘,497,8.12,27.28,61.18
120,팝콘 캐러멜맛,459,4.77,14.36,77.74
121,옥수수 통조림,105,2.07,0.73,22.45
122,옥수수묵,55,1.1,0,12.6
123,콘샐러드,104,3.2,0.2,22.4
124,율무,377,15.4,3.2,70.5
125,잡곡,358,9.79,2.09,73.4
126,메조,373,11.48,3.91,71.7
127,차조,370,10.9,3.8,71.93
128,찹쌀,363,6.64,0.99,78.17
129,찹쌀 과자,475,13.8,25.2,48.3
130,찹쌀 국수,334,8.1,0.3,74.6
131,찹쌀떡,245,4.81,1.75,52.65
132,찹쌀도넛,296,5,5.3,57.1
133,퀴노아,363,9.56,3.26,72.62
134,피,376,8.5,4.6,73.9
135,호밀,334,15.9,1.5,70.7
136,호밀빵,252,8.4,2.2,52.7
137,또띠아,237,7,1,50
138,감자,67,2.01,0.04,15.08
139,감자 부침가루,355,12.1,1.4,73.6
140,감자칩,469,5,18.2,71.4
141,감자 튀김,293,3.54,11.3,44.16
142,감자 샐러드,143,2.68,8.2,11.17
143,고구마,147,1.09,0.15,35.52
144,당면,358,0.08,0.07,88.75
145,곤약,194,3,0.1,85.3
146,돼지감자,35,2.18,0.09,14.92
147,마,63,1.84,0.12,14.05
148,아피오스감자,175,6.1,0.5,38.2
149,야콘,52,0.6,0.3,12.4
150,전분(감자),334,0.07,0.02,82.7
151,전분(고구마),346,0,0.05,85.85
152,전분(밀),360,0.2,0.5,86
153,전분(쌀),375,0.2,0.7,89.3
154,전분(옥수수),366,0.19,0.56,89.6
155,전분(칡뿌리),356,0.2,0.2,85.6
156,천마,77,0.9,0,18.5
157,칡,137,2.48,0.1,32.05
158,칡즙,21,0.44,0,4.91
159,토란,71,2.08,0.14,15.77
160,히카마(얌빈),44,0.68,0.06,10.36
161,과당,375,0,0,99.9
162,껌,268,0,0.4,94.8
163,꿀,317,0.28,0.01,85.83
164,허니파우더,313,0.38,0.02,84.73
165,당밀,274,0.2,0,68.2
166,로얄제리,104,14.29,1.4,12.82
167,물엿,321,0.02,0,83.03
168,사탕,379,0.31,0.55,97.57
169,마쉬멜로,324,2.1,0,79.3
170,박하사탕,382,0.02,0.02,98.59
171,버터,352,0.22,8.22,90.62
172,설탕,389,0,0,99.77
173,각설탕,394,0,0,100
174,황설탕,386,0,0.01,99.81
175,흑설탕,379,0.12,0.01,97.88
176,메이플시럽,260,0.04,0.06,67.04
177,초콜릿시럽,268,2.1,0.1,67.1
178,아가베 시럽,310,0.1,0.5,76
179,양갱,298,3.37,0.14,73.44
180,엿,263,1.6,0,69.7
181,자이로과당,400,0,0,100
182,젤라틴,381,7.8,0,90.5
183,젤리,344,7.5,0.42,77.53
184,조청,326,0.53,0.24,87.9
185,초코바,479,9.36,21.51,61.98
186,화이트 초콜릿,265,3,18,22
187,초콜릿,598,7.79,42.63,45.9
188,캐러멜,423,1.8,10.7,79.9
189,포도당,342,0,0,91
190,푸딩,114,2.7,2.9,19.7
191,강낭콩,172,8.8,0.86,32.38
192,녹두,352,24.51,1.52,60.15
193,서리태,413,38.68,15.86,30.45
194,흑태,407,36.1,15.37,32.45
195,대두,409,36.21,14.71,32.99
196,두부,97,9.62,4.63,3.75
197,순두부,44,6.85,1.35,0.69
198,연두부,50,4.66,2.51,1.93
199,유부,450,26.11,34.23,7.93
200,비지,74,3.5,1.5,11.7
201,두유,62,3.01,3.92,3.42
202,동부,166,9.51,1.02,29.34
203,리마,306,21.9,1.8,60.8
204,렌즈콩(렌틸콩),359,21.01,1.43,65.42
205,밤콩,410,35,17.2,30.6
206,병아리콩,373,17.27,5.66,63.14
207,완두,114,7.92,0.44,19.51
208,작두(도두),125,9,0.3,21.5
209,잠두,341,26.12,1.53,58.29
210,쥐눈이콩(검정소립콩),403,37.32,14.61,30.59
211,팥,330,20.63,0.96,58.72
212,팥앙금,147,9.8,0.6,27.1
213,단팥,206,4.51,0.22,45.63
214,개암,628,14.95,60.75,16.7
215,도토리,230,4.4,3,46.7
216,도토리묵,47,0.33,0.11,11.23
217,들깨,530,22.68,39.74,29.26
218,버터넛,310,3,7,21
219,땅콩,520,25.74,42.57,18.36
220,때죽,551,13.6,44.7,31.8
221,마름,183,5.8,0.5,40.6
222,마카다미아,751,8.3,76.7,12.2
223,머루씨,282,6.3,4.8,54
224,목화씨,506,32.59,36.29,21.9
225,밤,151,3.28,0.5,33.39
226,브라질너트,659,14.32,67.1,11.74
227,삼씨(대마씨),450,29.9,28.3,31.7
228,수박씨,451,19.3,22.9,47.2
229,아마씨,540,21.8,43.3,30.4
230,아몬드,581,23.44,49.96,20.09
231,연씨,81,5.9,0.5,14.9
232,은행,203,4.69,1.53,42.78
233,잣,630,15.96,59.28,19.38
234,참깨,549,20.85,44.12,26.45
235,치아씨,486,16.54,30.74,42.12
236,캐슈넛,581,16.84,47.77,30.16
237,코코넛,660,6.88,64.53,23.65
238,코코넛밀크,230,2.29,23.84,5.54
239,코코넛수,19,0.72,0.2,3.71
240,피스타치오,560,20.16,45.32,27.17
241,피칸,691,9.17,71.97,13.86
242,해바라기씨,589,21.93,52.26,18.58
243,호두,688,15.47,71.99,7.92
244,치아시드,486,17,31,42
245,호박씨,548,35.35,48.18,5.34
246,가시오갈피,76,5.67,0.7,15.87
247,가지,19,1.13,0.03,4.36
248,갓,36,3.5,0.2,7.3
249,개비름,23,2.72,0.29,3.96
250,갯기름나물,47,3.71,0.41,9.67
251,갯나물,18,1.61,0.14,3.59
252,게걸무,59,2.3,0.1,13.6
253,겨자,24,3.03,0.17,4.19
254,경수채,26,1.68,0.24,5.57
255,고구마잎,47,3.92,0.44,7.34
256,고구마줄기,18,0.76,0.02,3.63
257,고들빼기,29,1.6,0.5,5.8
258,고려엉겅퀴,32,3.47,1.38,3.29
259,고비,28,1.72,0.13,6.41
260,고사리,22,2.9,0.17,3.8
261,고수(코리엔더),33,4.6,0.2,5.6
262,페페론치노,25,1.9,0.17,6.78
263,홍고추,40,1.87,0.44,8.81
264,고추,29,1.71,0.19,6.42
265,카옌페퍼,318,12,17,57
266,꽈리고추,33,1.83,0.13,7.78
267,오이고추,23,0.99,0.12,5.51
268,프릭키누,80,3,0,7
269,청양고추,31,1.53,0.3,7.01
270,고추장아찌,124,2.39,0.63,31.49
271,고춧잎,45,5.07,0.32,8.49
272,고추냉이,103,2.9,0.5,23.7
273,곤달비,42,1.8,0.5,9.4
274,공심채,17,2.2,0.1,3.1
275,꾸지뽕,85,5.06,0.51,19.18
276,구기자순,50,6.27,1.08,7.05
277,구기자잎,56,6.33,1.57,7.77
278,국화꽃,25,1.4,0,6.5
279,근대,18,1.78,0.2,3.28
280,갓김치,37,3.26,0.4,7.07
281,고들빼기김치,88,4.1,2.7,11.9
282,깍두기,38,1.43,0.19,7.54
283,나박김치,7,0.34,0.07,1.27
284,동치미,8,0.33,0.01,1.77
285,배추김치,38,1.97,0.57,6.24
286,방풍나물,75,5.09,2.13,10.83
287,김치국물,60,3.76,3.79,3.23
288,백김치,16,0.95,0.07,3
289,열무김치,32,2.4,0.29,4.99
290,열무물김치,18,1.41,0.07,2.91
291,오이소박이,37,1.76,0.37,6.66
292,유채김치,62,3.5,0.8,10.1
293,유채물김치,17,1,0.1,3
294,총각김치,41,2.02,0.2,7.89
295,파김치,49,2.5,0.58,8.51
296,얼갈이배추김치,30,1.88,0.58,4.37
297,콜리플라워,27,2.17,0.48,4.84
298,꿀풀(하고초),48,1.6,0.2,11.9
299,날개콩,36,1.9,0.2,6.5
300,냉이,41,4.23,0.27,8.06
301,누리장나무잎,65,4.5,1,12.7
302,는쟁이냉이,28,2.5,0.3,5.4
303,달래,28,1.9,0.22,6.1
304,당귀,43,3.2,0.4,8.8
305,당근,31,1.02,0.13,7.03
306,당근 주스,38,0.44,0.09,10.03
307,대나무순(죽순),24,3.48,0.22,3.77
308,죽순 통조림,19,1.72,0.4,3.22
309,더덕,89,1.91,0.13,21.52
310,도라지,56,1.7,0.11,13.08
311,돌나물,15,1.19,0.08,3.23
312,동아,15,0.5,0.1,3.8
313,땅두릅,25,2.4,0.22,4.79
314,참두릅,33,4.13,0.22,5.89
315,둥굴레,52,3.4,0.2,11.7
316,깻잎,47,4.46,0.5,8.89
317,들깻잎장아찌,124,4.03,0.42,26
318,딜,43,3.5,1.1,7
319,루꼴라,26,3.17,0.43,4.2
320,리크,54,1.8,0.3,13.2
321,마늘,128,7.45,0.16,26.42
322,마늘 장아찌,113,2.43,0.16,25.36
323,마늘종,53,1.86,0.06,13.39
324,마늘종 장아찌,118,1.96,0.14,27.34
325,풋마늘,29,1.9,0.17,7.33
326,마타리,45,2.1,0.1,10.9
327,머위,17,2.31,0.14,2.74
328,모링가(드럼스틱),66,4.21,1.38,12.43
329,모시풀,64,6.61,0.71,11.85
330,무,15,0.53,0.18,3.27
331,무청,31,2.9,0.2,6.1
332,시래기,23,1.58,0.27,4.68
333,무순,20,1.89,1.01,1.82
334,단무지,12,0.36,0.05,2.42
335,쌈무,15,0.54,0.03,3.1
336,치킨무,22,0.44,0.21,4.89
337,무말랭이,318,13.59,0.3,65.34
338,무말랭이 무침,131,2.25,0.61,29.24
339,무국물,1,0,0,0.3
340,물냉이,23,3.5,0.1,3.7
341,물쑥,36,5.4,0.3,5.6
342,돌미나리,21,2.2,0.2,3.8
343,미나리,120,0.36,0,33.48
344,민들레,29,2.44,0.44,5.48
345,바젤라,11,0.7,0.2,2.6
346,바질,32,2.43,0.71,5.56
347,박,21,0.5,0.1,5.2
348,박고지,268,7.6,0.4,69
349,박쥐나무,100,6.7,1.2,20.7
350,방가지똥,46,2.5,0.4,10.3
351,방울다다기양배추,49,3.28,0.16,11.17
352,배암차즈기(곰보배추),25,1.73,0.62,4.5
353,배초향(방아),55,4.87,0.46,11.13
354,배추,15,1.25,0.04,3.2
355,봄동,23,2.02,0.17,4.78
356,얼갈이배추,14,1.22,0.08,2.78
357,백모근,337,9,2,77
358,백합,118,3.34,1.52,24.91
359,보리,24,2,0.3,4.6
360,뽕잎,65,6.28,0.5,12.82
361,부지깽이,30,3.65,0.43,4.9
362,부추,46,1.2,0.1,11.9
363,브로콜리,32,3.08,0.2,6.32
364,비비추(이밥추),48,3,0.6,10.1
365,비타민채(다채),14,2.1,0.2,2
366,비트,26,1.56,0.14,5.26
367,사탕무,77,1.8,0,18.7
368,사탕수수,77,1.1,0,20.9
369,산마늘(명이나물),36,2.02,0.21,8.21
370,산마늘(명이나물)장아찌,55,2.37,0.62,12.2
371,삼나물,293,22.8,2.2,61.3
372,삼붕냐와,27,1.62,1.09,3.84
373,삼채,49,0.77,0.04,12.15
374,로메인상추,17,1.2,0.3,3.3
375,상추,20,1.88,0.36,3.48
376,생강,42,0.97,0.15,9.82
377,생강 피클,15,0.3,0.2,3.9
378,보검선인장,83,0.97,0.19,19.35
379,섬초롱,41,3,0.4,8.5
380,셀러리,17,1.04,0.07,3.95
381,소리쟁이,259,21.7,2.2,52.6
382,쇠귀나물,128,6.3,0.1,26.6
383,수리취(떡취),64,3.9,0.2,14.7
384,숙주나물,13,1.73,0.05,2.34
385,순무,27,1.5,0.09,5.65
386,스테비아,40,2.4,0.32,8.71
387,시금치,29,3.35,0.39,4.86
388,신선초(명일엽),24,1.08,0.14,5.66
389,쌈추,25,3.07,0.23,4.29
390,쑥,37,3.4,0.38,7.04
391,쑥갓,15,1.93,0.17,2.35
392,쑥부쟁이,26,2.92,0.72,3.53
393,씀바귀,43,2.9,0.4,9.2
394,아스파라거스,17,2.02,0.34,2.53
395,아욱,37,3.08,0.31,7.64
396,아이비카,260,27.7,4.4,43.7
397,아주까리,287,36.8,3.1,48
398,아티초크,47,3.27,0.15,10.51
399,알로에,3,0.1,0,0.7
400,알로에 음료,40,0,0,11.09
401,알팔파,21,3.53,0.2,3.14
402,양배추,33,1.68,0.08,7.92
403,양파,29,0.95,0.04,6.67
404,샬롯,80,2.28,2.54,14.84
405,양파 장아찌,85,1.59,0.05,20.99
406,양하,13,0.6,0.1,2.8
407,어수리,31,4.4,0.3,5
408,음나무(엄나무),41,6.94,0.67,5.2
409,엉겅퀴,267,22.4,1.6,55.6
410,여주(고야),22,1.28,0.36,4.48
411,연근,75,1.63,0.07,17.28
412,연근 조림,261,2.1,1.3,60.2
413,열대비름(아마란스),45,5.8,0.9,6.5
414,열무,14,2.08,0.21,1.99
415,염교(락교),83,1.4,0.2,29.3
416,영아자,34,2.5,0.1,7.7
417,오이,13,0.8,0,3.1
418,오이 피클,91,0.38,0.12,25.07
419,오이지,10,0.63,0.12,2.1
420,오크라,26,2.1,0.2,6.6
421,옥수수,40,1.7,0.3,8.2
422,우엉,69,2.61,0.06,15.29
423,울금,87,1.79,2.56,15.73
424,울외장아찌,67,5.1,0.3,13.1
425,원추리,35,3.55,0.36,6.48
426,유채싹,78,3.4,4.6,6.8
427,유채잎,30,3.89,0.31,4.98
428,잇꽃(홍화),45,3.9,0.4,9
429,자운영,40,4.6,0.6,6.6
430,잔대,79,2.1,0.2,18.6
431,적양무,19,2.54,0.42,2.54
432,전호,23,3.1,0.1,4.2
433,제비쑥,35,4.5,0.7,5
434,조뱅이,47,4,0.2,10.1
435,줄나물,236,29.7,1.7,41.9
436,진달래꽃,26,1,0.1,6.3
437,질경이,48,3,0.2,10.8
438,참나물,39,3.5,0.4,7.6
439,참반디,288,12.6,2.7,65.7
440,참빗살나무,61,7.4,0.7,10.3
441,참죽나물(가죽나물),48,5.8,0.39,8.59
442,청경채,10,1.41,0.09,1.64
443,초석잠,76,2.3,0.56,17
444,총각무,22,1.38,0.07,5.18
445,취나물,53,4.2,0.3,11.3
446,곰취,32,3.04,0.49,5.77
447,치커리,72,1.4,0.2,17.51
448,케일,26,3.11,0.24,4.61
449,콜라비,22,1.16,0.05,5.16
450,콩나물,36,4.64,1.36,3.8
451,콩잎,94,6.6,0.3,21
452,토란대,16,0.28,0.05,4.25
453,아이스플랜트,15,1.23,0.09,1.56
454,토마토,19,1.03,0.18,4.26
455,토마토 음료,41,0.4,0.02,10.92
456,토스카노(잎브로콜리),40,4.7,0.6,6.7
457,실파,16,1.5,0.1,3.2
458,쪽파,21,1.73,0.14,4.24
459,대파,23,1.78,0.15,4.8
460,파드득나물(삼엽채),25,1.8,0.1,5.5
461,파슬리,36,3.2,0.5,6.8
462,파프리카,24,0.77,0.12,5.95
463,피망,28,1.17,0.09,6.94
464,할라페뇨,27,0.92,0.94,4.74
465,해바라기,9,2.2,0.1,0.9
466,호박잎,45,4.83,0.38,8.43
467,국수호박,18,0.6,0.1,4.4
468,늙은호박,38,0.88,0.17,8.49
469,단호박,57,1.19,0.65,13.63
470,애호박,22,1.07,0.09,5.14
471,쥬키니,31,1.2,0.1,7.7
472,차요테,21,0.59,0.46,4.37
473,호박즙,21,0.64,0,4.73
474,화살나무(홑잎),96,4.77,0.84,21.59
475,검은비늘버섯,13,1.8,0.1,4.5
476,꽃송이버섯,19,1.11,0.39,7.35
477,나도팽나무버섯,16,2.4,0,5.7
478,노루궁뎅이버섯,13,2.57,0.41,2.89
479,느타리버섯,15,2.6,0.14,4.7
480,능이버섯(향버섯),17,2.2,0.1,5.9
481,동충하초,27,5.56,0.38,7.07
482,만가닥버섯,19,2.5,0.34,6.34
483,목이버섯,13,0.79,0.19,5.22
484,밤버섯,17,2.9,0.9,3.5
485,버들송이버섯,20,4.2,0.1,5.5
486,뽕나무버섯,195,27.7,6.9,54.4
487,상황버섯,179,4.4,0.27,84.58
488,석이버섯,165,11.75,0.96,68.47
489,송이버섯,21,2.05,0.15,8.12
490,싸리버섯,20,2.8,0.6,5.7
491,아위버섯,26,3.53,0.4,8.56
492,애느타리버섯,16,4.2,0.1,3.5
493,양송이버섯,15,3.12,0.23,3.89
494,영지버섯,187,9.41,1.4,81.03
495,잎새버섯,13,2.2,0.5,3.29
496,새송이버섯,20,2.92,0.23,6.54
497,팽이버섯,21,2.41,0.51,7
498,포타벨라,16,3.3,0.1,4.6
499,표고버섯,31,3.9,0.38,10.84
500,풀버섯,15,2.7,0.1,4.6
501,감,59,0.5,0.1,16.9
502,곶감,214,1.93,0.08,57.45
503,감 주스,41,0.1,0.1,11
504,구기,69,4.5,2.04,10.23
505,구아바,33,0.6,0.1,9.9
506,구즈베리,51,1,0.1,13.2
507,레드향,48,0.59,0.12,12.39
508,신예감,34,0.29,0.41,8.2
509,천혜향,41,0.82,0.08,10.56
510,한라봉,50,0.99,0.11,12.8
511,황금향,40,0.4,0.13,10.3
512,온주밀감,39,0.53,0.1,10.04
513,임온주,43,1,0.1,10.8
514,귤주스,39,0.2,0.1,10.4
515,귤잼,309,1,0,76.2
516,금귤,73,1.19,0.13,18.77
517,다래,67,1.6,0.4,16.2
518,대추,105,1.45,0.1,27.56
519,대추야자,281,2.2,0.2,71.3
520,두리안,140,2.3,3.3,27.1
521,냉동딸기,40,1,0,9
522,딸기,36,0.8,0.2,8.9
523,딸기잼,285,0.51,0.09,70.45
524,라임,30,0.7,0.2,10.54
525,라임 주스,25,0.42,0.07,8.42
526,라즈베리,52,1.2,0.65,11.94
527,람부탄,82,0.65,0.21,20.87
528,레몬,36,0.71,0.08,9.27
529,레몬즙,24,0.4,0.2,8.6
530,레몬청,57,0.02,0,14.75
531,레몬필,47,1.5,0.3,16
532,롱안,60,1.31,0.1,15.14
533,리치,61,1,0.1,16.4
534,마가목 열매,115,1.3,0.8,25.5
535,망고,61,0.72,0.1,15.97
536,망고 음료,28,0.04,0.01,7.71
537,애플망고,57,0.54,1.14,12.56
538,망고스틴,71,0.6,0.2,17.5
539,매실,41,1.1,1.1,7.8
540,매실청,213,0.23,0.18,52.72
541,매실 절임,216,1.86,0.52,51.08
542,머루,79,1.51,0.94,18.32
543,머루 주스,81,0.3,0.2,21.8
544,멜론,21,0.5,0.1,5.1
545,모과,78,0.7,0.4,20
546,무화과,57,0.6,0.1,14.3
547,바나나,77,1.11,0.2,20
548,배,45,0.29,0.04,12.24
549,배즙,52,0.3,0.5,13
550,백향과(패션프루트),100,1.68,1.55,22.58
551,버찌,60,1.7,0.1,14.9
552,보리밥 열매,354,18.5,1.3,68.5
553,복분자,88,1.52,2.2,17.96
554,복숭아,48,1.8,0.7,10
555,천도복숭아,32,0.93,0.05,7.85
556,블랙베리,43,0.67,1.13,8.69
557,블랙커런트,63,1.4,0.41,15.38
558,블루베리,48,0.55,0.09,12.57
559,비파,45,0.29,0.2,11.95
560,사과,57,0.2,0.66,14.11
561,사과주스,42,0.17,0.01,11.45
562,산딸기,55,1.35,0.22,13.55
563,산수유,112,0.87,2.82,23.83
564,살구,30,1.2,0.05,7.12
565,석류,77,0.29,0.2,20.71
566,소귀나무 열매,24,0.8,0.6,4.6
567,수박,31,0.79,0.05,7.83
568,애플수박,40,0.94,0.81,8.39
569,산자나무 열매(씨벅톤),70,1,3.8,9.7
570,아떼모야,73,1.2,0.1,19
571,아로니아,60,0.82,0.21,15.41
572,아보카도,160,2,14.66,8.53
573,아세로라,36,0.7,0.1,9
574,아세로라주스,42,0.1,0,10.5
575,앵두,61,1.1,0.3,15.2
576,엘더베리,73,0.66,0.5,18.4
577,오디,56,0.8,0.4,14
578,오렌지,47,0.92,0.16,11.81
579,오렌지주스,36,0.58,0.04,9.49
580,오렴자(카람볼라),30,0.7,0.1,7.5
581,오미자,81,2.1,3.3,12.8
582,오미자청,226,0.14,0.26,55.87
583,올리브 절임,137,1.09,12.36,5.34
584,용과,44,1,0.4,10.3
585,유자,49,0.93,0.09,12.54
586,으름,158,2,12.9,11.9
587,자두,26,0.5,0.6,5.3
588,자몽,32,0.63,0.1,8.08
589,잭프루트,95,1.72,0.64,23.25
590,참외,45,1.33,0.04,11.23
591,체리,67,1.59,0.06,16.9
592,크랜베리,46,0.46,0.13,11.97
593,크랜베리 주스,46,0.39,0.13,12.2
594,키위,66,0.93,0.63,16.08
595,키위 주스,180,0.25,0,49.68
596,탱자,84,1.3,1.5,18.5
597,파인애플,53,0.46,0.04,14.32
598,파인애플 주스,43,0.39,0.03,11.52
599,파파야,23,0.45,0.05,5.95
600,거봉,60,0.4,0.27,15.73
601,포도,57,0.4,0.24,14.91
602,샤인머스캣,66,0.38,0.1,17.66
603,건포도,297,2.64,0.53,78.89
604,포도 주스,49,0.23,0,13.49
605,포도즙,48,0.66,0.01,12.62
606,플럼코트,47,0.61,1.05,9.97
607,프루트샐러드,82,0.2,0.4,19.3
608,프루트칵테일,75,0.19,0.03,18.52
609,프루트펀치,48,0,0,11.97
610,개구리고기,75,16.1,0.4,0.7
611,거위고기,161,22.75,7.13,0
612,고래고기,111,26.5,0.5,0
613,꿩고기,124,27.5,0.8,0
614,닭고기,115,24,1.4,0.1
615,닭고기(다리),156,18.7,8.8,0
616,닭고기(가슴),164,31,3.6,0
617,닭고기(날개),81,7.46,5.4,0
618,닭고기(모래집),146,30.39,2.68,0
619,닭고기(튀김),119,19.65,3.91,0
620,오골계고기,138,19,6.1,0.1
621,닭 육수,12,1.3,0.7,0
622,닭뼈 육수,7,0.9,0.4,0
623,닭꼬치,252,16.5,12.2,19.1
624,닭발,215,19.4,14.6,0.2
625,돼지고기,203,19.45,12.84,0
626,돼지고기(목살),269,23.11,18.86,0
627,돼지고기(앞다리살),182,16.27,12.38,0
628,돼지고기(삼겹살),331,17.24,28.21,0
629,돼지고기(등심),232,22.92,14.86,0
630,돼지고기(다짐육),263,16.88,21.1,0
631,돼지고기(뒷다리살),245,17.43,18.87,0
632,돼지고기(갈비살),144,21.35,5.89,0
633,돼지고기(안심),120,20.99,3.41,0
634,돼지고기(갈매기살),215,14.37,17.02,0
635,돼지고기(항정살),209,28.6,9.62,0
636,돼지고기(대패삼겹살),298,15.2,25.64,0.52
637,돼지고기(편육),163,17.43,8.5,0
638,족발,229,43.06,31.42,0.64
639,베이컨,241,15.27,17.12,6.42
640,소시지,241,14.41,17.7,5.9
641,살라미,336,22,26,2.4
642,뽀르게타 햄,310,16,25,3.1
643,햄,121,20.66,3.34,1.97
644,돼지불고기,128,14.1,6.9,2.4
645,순대,178,3.18,3.96,32.28
646,포크커틀릿,285,9.4,18.2,21
647,말고기,102,20.1,2.5,0.3
648,메추리고기,194,20.5,12.9,0.1
649,멧돼지고기,249,18.8,19.8,0.5
650,소고기(갈비),307,16.5,24.4,1.9
651,소고기(등심),313,15.61,26.3,0
652,소고기(양지),253,18.58,18.59,0
653,소고기(채끝),126,17.1,5.6,0.2
654,소고기(설도),217,19.63,14.21,0
655,소고기(안심),268,17.4,20.63,0
656,소고기(앞다리살),222,18.9,15.12,0
657,소고기(부채살),285,17.02,22.64,0
658,소고기(우둔살),191,20.4,11.11,0
659,소고기(목심),227,20.83,14.75,0
660,소고기(차돌박이),137,21.41,5.02,0
661,소고기(사태),156,21.29,7.06,0
662,소 간,135,20.36,3.63,3.89
663,소 꼬리,252,17.4,19,0
664,소 선지(피),51,10.1,0,2.2
665,소곱창,145,9,11.3,0.1
666,소 양(위),61,9.9,2,0.1
667,천엽,57,11.7,1.3,0
668,소 허파,92,16.2,2.5,0
669,소 혀,191,13,14.5,0
670,소고기육포,351,49,8.2,20.2
671,소불고기,133,11.5,7.8,4.3
672,양지국물,4,1,0,0
673,우족국물,2,0.3,0.1,0
674,잡뼈국물,28,4.3,1,0
675,양고기(다리),205,18.8,15.3,0.1
676,양고기(갈비),372,14.52,34.39,0
677,양고기,143,20.88,5.94,0
678,양고기(어깨),264,16.58,21.45,0
679,염소고기,181,19.88,10.31,0
680,오리고기,117,21,3.07,0
681,자라고기,175,16.4,13.4,0.5
682,칠면조고기,144,21.64,5.64,0.13
683,토끼고기,135,21.7,4.4,0.6
684,거위알,193,13.2,14.1,0.8
685,기러기알,193,12.3,13.9,2.4
686,달걀,136,12.91,8.25,0.79
687,달걀 흰자,51,11,0.2,0.7
688,달걀 노른자,321,16,27,3.6
689,메추리알,146,12.8,9.02,1.66
690,오리알,171,13.11,11.32,2.03
691,가라지,78,14.8,1.3,0.7
692,가물치,86,18.2,0.8,0.3
693,가시망둑,101,22.4,0.7,0
694,가오리,80,17.3,0.7,0
695,가자미,129,22.1,3.7,0.3
696,갈치,149,18.5,7.5,0.1
697,갈치젓갈,176,8.6,3.2,28.2
698,강달이,109,17,3.9,0.1
699,게르치,158,20.8,7.5,0
700,고등어,183,20.2,10.4,0
701,괴도라치,74,17.2,0.1,0
702,군평선이,103,18.5,2.6,0.2
703,기름종개,107,17.5,3.3,0.5
704,까나리,114,16,4.8,0.3
705,까나리액젓,30,7.16,0.01,0.27
706,꺽저기,92,19.5,1,0.1
707,꼬치고기,97,20.5,0.8,0.7
708,꼼치,70,16.4,0.1,0
709,꽁치,142,22.7,4.7,0.4
710,날치,99,22.2,0.5,0.1
711,날치알,96,12.79,4.82,1.65
712,납지리,86,17.5,1.2,0.1
713,넙치(광어),125,22.36,3.28,0
714,네동가리,82,19.2,0.1,0.1
715,노랑촉수,248,7.1,19.5,8.3
716,노래미,89,17.5,1.3,0.8
717,놀래기,107,19.2,2.8,0
718,농어,96,18.2,1.9,0.2
719,누치,105,17.3,3,0.8
720,눈볼대,144,22.3,5.3,0
721,눈퉁멸,138,18.5,6.2,0.4
722,능성어,93,18.8,1.3,0.3
723,다금바리,100,19.3,1.9,0.1
724,가다랑어,127,25.9,1.8,0.3
725,참다랑어,177,23.99,8.09,0
726,참다랑어 샐러드,187,16.04,9.26,9.41
727,황다랑어,114,23.9,1.3,0.2
728,달강어,121,19.7,4,0.1
729,달고기,97,19.1,1.4,0.7
730,대구,86,19.5,0.3,0.3
731,대구알,109,23.4,1.6,0.2
732,대구횟대,93,19.5,0.9,0.5
733,대두어(흑연),96,17.5,2.1,0.5
734,도다리,78,17.6,0.2,0.5
735,도도바리,95,19.4,1.2,0.5
736,도루묵,113,16,4.6,0.5
737,도치,62,7.2,3,0.9
738,독가시치,97,20.3,1.2,0
739,각시돔,90,20.1,0.6,0
740,감성돔,101,18.8,2.3,0.1
741,강담돔,93,18.9,1.4,0
742,구갈돔,89,20.4,0.3,0
743,금눈돔,122,18.5,4.5,0.3
744,꼽새돔,102,19,2.3,0.1
745,도화돔,130,21.3,4.3,0
746,독돔,97,20.8,0.9,0.2
747,돌돔,86,17.8,1,0.4
748,백미돔,102,21,1.2,0.4
749,범돔,94,19.5,1.1,0.4
750,벵에돔,98,20.2,1.4,0
751,뿔돔,97,18,2.2,0
752,샛돔,121,16.3,5.5,0.2
753,실꼬리돔,107,19.8,2.5,0.1
754,실붉돔,101,17.8,2.7,0
755,어름돔,94,19.5,1.2,0
756,옥돔,82,18.1,0.2,0.9
757,육동가리돔,103,18.6,2.6,0
758,자리돔,88,19.5,0.4,0.4
759,참돔,82,18.4,0.1,0.8
760,호박돔,90,20.3,0.5,0
761,혹돔,96,18.5,1.7,0.4
762,황돔,102,20.2,1.7,0.3
763,황줄돔,97,19.3,1.6,0
764,동사리,81,16.9,1,0
765,동자개(빠가사리),81,15.7,1.6,0
766,둑중개,104,15,4.2,0.2
767,드렁허리,92,17.9,1.7,0
768,등가시치,79,18.5,0.1,0
769,만새기,100,21.3,1.9,0
770,망둑어(풀망둑),77,16.4,0.7,0.3
771,매퉁이,93,20.8,0.5,0.1
772,메기,114,15.1,5.3,0.1
773,멸치,127,17.7,5.4,0.3
774,대멸치,302,59.31,5.45,0
775,중멸치,245,49.69,3.3,1.07
776,잔멸치,226,42.94,4.59,0.32
777,멸치 육수,0,0.1,0,0
778,멸치 액젓,31,6.53,0.02,1.13
779,멸치 젓갈,118,14,6.3,0
780,명태,80,17.5,0.7,0
781,노가리,351,74.3,3.8,0.3
782,동태,72,15.9,0.5,0.1
783,먹태,372,82.7,2.4,0
784,북어,339,73.18,3.09,0.32
785,코다리,290,61.7,3.1,0
786,황태,349,79,0.4,2.8
787,명란,120,20.5,3,2.7
788,명란젓,120,16.89,5.88,1.84
789,모래무지,77,15.7,1.1,0
790,몽치다래,159,24.1,5.9,0.5
791,문절망둑,90,18.7,1.1,0.3
792,물치다래,168,23.4,7.3,0.1
793,미꾸리,96,16.2,2.8,0.2
794,민달고기,95,20.3,1,0.1
795,민어,86,18,0.8,0.5
796,민태,88,15.2,2.5,0
797,박대,90,19.2,0.7,0.6
798,방어,101,21.7,0.8,0.4
799,백연,89,19,0.8,0.3
800,밴댕이,225,16.3,16.5,0.2
801,뱅어,68,13.3,1.1,0.3
802,베도라치,105,20.7,1.9,0
803,베로치,86,19.5,0.4,0
804,베스,81,18.2,0.4,0.1
805,벤자리,123,17,5.3,0.3
806,병어,130,16.4,6.3,0.3
807,보구치,119,19.3,3.9,0.3
808,보리멸,93,19.5,1.1,0
809,검복,94,21.5,0.3,0.1
810,국매리복,91,20.7,0.3,0.2
811,까치복,85,19.3,0.2,0.5
812,까칠복,85,19.3,0.3,0.1
813,매리복,88,19.8,0.3,0.4
814,밀복,80,17.3,0.7,0.1
815,자주복,83,18.8,0.2,0.4
816,졸복,83,18.9,0.1,0.5
817,흰점복,72,15.9,0.5,0
818,볼기우럭,129,18.7,5.3,0
819,볼락,93,19.3,1,0.6
820,부세,105,17.2,3.4,0
821,부시리,109,22.3,1.5,0.1
822,부치,71,15.8,0.5,0
823,붉바리,99,21,1.1,0.1
824,붕어,94,18.1,1.8,0.1
825,블루길,83,17.8,0.8,0.2
826,빙어,85,18.4,0.8,0
827,산천어,117,20.3,3.3,0.1
828,살살치,70,15.5,0.2,0.6
829,삼세기,97,18.6,1.8,0.5
830,삼치,112,20.08,2.93,0
831,가래상어,99,22.2,0.5,0.1
832,곱상어,164,16.2,10,0.3
833,까치상어,112,24.1,0.7,0.9
834,돔발상어,85,17.9,1,0
835,두툽상어,94,21.4,0.3,0.3
836,망상어,89,18.9,0.9,0.2
837,모조리상어,108,21.7,1.7,0
838,별상어,103,23.5,0.3,0.3
839,악상어,284,13.4,24.2,0
840,은상어,101,22.9,0.5,0
841,청새리상어,101,18.5,2.4,0.1
842,흉상어,112,23.5,1.4,0
843,상어지느러미,341,80.7,0,0
844,상어알,314,25,23.5,0.5
845,새다래,104,18.9,2.6,0
846,샛멸,82,19.5,0.6,0
847,서대,95,18.4,1.8,0.2
848,성대,94,19.9,1,0.2
849,송어,121,21,3.4,0.1
850,숭어,107,21.7,1.5,0.4
851,쌍동가리,101,20.8,1.4,0
852,쌍뿔달재,75,16.9,0.4,0.1
853,쏘가리,111,17.2,4.1,0
854,쏨뱅이,90,19.9,0.6,0.1
855,쑤기미,84,18.5,0.4,0.5
856,쑥감펭,83,19,0.3,0
857,아귀,63,14.1,0.2,0.5
858,아귀간,431,10.4,39,5.2
859,아홉동가리,106,19.8,2.3,0.1
860,애꼬치,137,18.9,7.2,0.1
861,양미리,123,21.5,3.4,0
862,양태,87,20,0.2,0.1
863,어묵,169,11.44,4.49,20.69
864,어묵 국물,3,0.09,0.15,0.4
865,어육소시지,174,9.01,7.45,17.75
866,얼룩통구멍,82,18.2,0.5,0
867,여덟동가리,110,19.2,3.1,0
868,연어,106,20.6,1.9,0.2
869,열쌍동가리,86,18.3,0.9,0.1
870,우각바리,91,19,1.2,0
871,웅어,169,15.9,10.8,0
872,은어,114,16.7,4.5,0.2
873,인상어,133,21.8,4.2,0.4
874,임연수어,152,19.6,7.1,0.5
875,잉어,113,17.5,4,0.3
876,장갱이,90,19.1,1,0
877,장문볼락,87,15.7,2.1,0.2
878,갯장어,170,17.9,9.9,0.4
879,먹장어,129,16.9,6,0.4
880,뱀장어,223,14.4,17.1,0.3
881,붕장어,135,17.4,6.4,0.3
882,칠성장어,259,21,18,0.3
883,전갱이,133,20.7,4.8,0.1
884,전어,107,19.2,2.7,0.2
885,점감펭,90,19.4,0.7,0.3
886,점줄우럭,100,19.3,1.9,0.1
887,정어리,171,20,9.1,0.2
888,조기(참조기),118,19.02,4.04,0
889,굴비,332,44.4,15.2,0.4
890,준치,129,20.1,4.7,0
891,강준치,90,18.7,1.1,0.2
892,쥐치,83,19.1,0.1,0.3
893,쥐포,339,41.8,2.3,34.3
894,참마자,90,17.7,1.5,0.3
895,청새치,107,23.1,1.8,0.1
896,청어,213,16.3,15.1,0.4
897,초어,89,17.1,1.7,0.2
898,캐비어,264,25,18,4
899,통치,138,20,5.7,0.1
900,투라치,79,18.1,0.1,0.5
901,틸라피아,126,19.3,4.7,0.2
902,푸렁통구멍,76,17.4,0.2,0.2
903,풀반지,167,16.9,10.1,0.2
904,피라미,105,18.5,2.8,0.2
905,학공치,94,17.8,1.7,0.7
906,향어,158,18.4,8.7,0.1
907,홍감펭,108,16.7,3.9,0.2
908,홍어,87,19.6,0.5,0
909,홍치,93,18.9,1.4,0.1
910,황매퉁이,97,20,1.3,0.1
911,황새치,81,17,1,0
912,황어,95,18.3,1.8,0.2
913,횟대,74,17.1,0.1,0.3
914,히메치,99,20.9,1.1,0
915,가리비,80,15.18,1.73,0
916,각시수랑,70,15,0.3,0.9
917,고둥,92,16.1,0.7,4.3
918,골뱅이,80,15,0.3,4
919,굴,64,8.9,1.2,3.7
920,꼬막,63,12.6,0.3,1.6
921,다슬기,85,11.9,1.2,5.7
922,홍합,54,8.9,0.5,2.9
923,대수리,112,18.8,2.6,1.9
924,대합,62,12,0.8,1
925,동죽,69,11.8,1.6,0.9
926,바지락,74,12.27,0.93,3.2
927,소라,107,20.7,0.3,4
928,오분자기,95,13.3,2.1,4.6
929,우렁이,73,10.5,1.4,3.8
930,재첩,94,12.5,1.9,5.8
931,전복,85,14.3,0.7,4.5
932,해물믹스,71,14.3,0.9,0
933,모시조개,77,14.1,0.6,2.8
934,관자,106,20.08,1.2,2.16
935,명주조개,62,12,0.7,1.1
936,개조개,64,10.9,0.6,3
937,떡조개,87,11.2,1,7.4
938,맛조개,56,9.7,1,1.3
939,살조개,89,14.2,1.5,3.6
940,새조개,114,21.5,1.9,1.3
941,왕우럭조개,101,16.4,2.2,2.7
942,비단조개,68,11.9,0.6,3
943,진주조개,56,10.1,0.9,1.1
944,키조개,57,10.3,1.1,0.8
945,펄조개,74,9.4,1,6
946,피조개,66,11.6,0.6,2.7
947,갯가재,87,16.1,1.7,0.8
948,바닷가재,77,15.97,0.95,0
949,개불,53,10.5,0.2,1.6
950,꽃게,77,16.19,0.7,0.43
951,닭게,69,15.2,0.5,0.1
952,대게,85,17.4,1,0.5
953,민꽃게,86,14.8,1.6,2
954,방게,66,11.9,1.3,0.9
955,붉은대게,48,10.5,0.3,0.3
956,왕게,67,13.7,0.7,0.6
957,주름송편게,87,18.8,0.3,1.1
958,참게,175,14.4,12,0.2
959,게맛살,119,7.7,1.12,19.45
960,군소,36,5.8,1,0.5
961,불똥꼴뚜기,91,14.4,3,0.6
962,참꼴뚜기,78,13.6,1.8,1
963,낙지,73,16.3,0.43,0
964,세발낙지,55,11.5,0.6,0.1
965,멍게,40,6.7,0.6,1.6
966,문어,70,16.4,0.7,0.1
967,미더덕,44,4.3,1.2,4.1
968,가시발새우,71,15.2,0.5,0.6
969,각시흰새우,85,15.7,1.6,1
970,긴뿔천길새우,92,20,0.8,0
971,꽃새우,114,22,2,0.6
972,닭새우,88,17,1.2,1.3
973,대하,82,18.1,0.6,0.1
974,물렁가시붉은새우,83,18,0.5,0.6
975,보리새우,71,15.1,0.7,0.1
976,부채새우,65,13.7,0.8,0
977,중하,94,20.1,0.9,0.1
978,젓새우,62,9.6,1.2,2.6
979,징거미새우,90,18.3,1.4,0
980,철모새우(도화새우),90,18.5,0.9,0.9
981,펄닭새우,61,13.2,0.6,0
982,흰다리새우,98,21.17,0.89,0
983,새우젓,49,7.97,0.93,1.9
984,성게,148,15.8,8.5,2
985,오징어,94,18.84,1.44,0.16
986,갑오징어,75,15.1,1.2,0.1
987,주꾸미,52,10.8,0.5,0.5
988,크릴,76,12.1,2.6,0.2
989,크릴 페이스트,130,16.5,5.5,2
990,한치,81,14.9,1.8,0.3
991,해삼,24,3.7,0.4,1.3
992,해파리,6,1.3,0,0.1
993,갈래곰보,12,0.9,0.2,4.6
994,곰피,141,12.9,1.3,54.7
995,김,182,38.46,2.82,46.19
996,꼬시래기,17,1.8,0.2,6.2
997,다시마,12,1.1,0.2,4.2
998,다시마 육수,1,0.1,0,0.3
999,다시마 튀각,228,3.6,23,58.8
1000,대황,145,7.3,0.2,64.5
1001,뜸부기,128,6.1,2.5,52.1
1002,매생이,39,3.88,3.29,8.19
1003,모자반,18,1.8,0.2,6.7
1004,미역,12,1.68,0.29,3.7
1005,미역 튀각,283,9.75,38.02,46.21
1006,불등풀가사리,147,16.5,0.6,55.7
1007,석묵,38,9.6,0.2,9.1
1008,순채,22,2.5,0.7,7.1
1009,우뭇가사리,46,4.2,0.2,18.5
1010,우뭇가사리묵(우무),2,0.1,0,0.8
1011,한천,154,2.3,0.1,74.6
1012,진두발,119,2.5,1.5,53.5
1013,청각,8,1.4,0.4,1.6
1014,클로렐라,174,45.3,7.2,25.7
1015,톳,16,1.9,0.4,5
1016,파래,11,2.18,0.15,2.95
1017,모유,61,1.1,3.5,7.2
1018,분유,498,13.98,23.93,56.6
1019,산양유,62,3.16,3.62,4.03
1020,셔벗,128,0.9,1,28.7
1021,아이스밀크,167,3.4,6.4,23.9
1022,아이스크림(딸기맛),192,3.2,8.4,27.6
1023,아이스크림(바닐라맛),179,4.98,7.83,22.25
1024,아이스크림(초콜릿맛),216,3.8,11,28.2
1025,무가당 연유,134,6.81,7.56,10.04
1026,연유,126,5.56,5.73,13.1
1027,요구르트,65,1.29,0.02,15.23
1028,플레인 요구르트,85,3.03,2.96,11.66
1029,우유,65,3.08,3.32,5.53
1030,딸기맛 우유,68,2.29,1.12,12.34
1031,바나나맛 우유,90,2.63,3.02,13.13
1032,초코맛 우유,71,2.61,1.41,12.14
1033,커피맛 우유,61,2.44,1.38,9.82
1034,고칼슘 우유,63,2.98,2.77,6.53
1035,무지방우유,60,6,0,10
1036,저지방우유,42,3.43,0.9,4.86
1037,고다치즈,356,24.94,27.44,2.22
1038,까망베르치즈,300,19.8,24.26,0.46
1039,리코타치즈,159,7.1,11.5,6.7
1040,모차렐라치즈,236,17.34,16.49,3.15
1041,브리치즈,334,20.75,27.68,0.45
1042,브릭치즈,371,23.24,29.68,2.79
1043,블루치즈,353,21.4,28.74,2.34
1044,체다치즈,298,18.76,21.3,6.17
1045,카테지치즈,99,13.3,4.5,1.9
1046,케피어,70,3,1.9,10
1047,크림치즈,350,6.15,34.44,5.52
1048,파마산치즈,420,28.42,27.84,13.91
1049,커피크리머,514,1.57,29.11,62.2
1050,사워크림,193,2.1,20,2.9
1051,버터밀크,40,3.3,0.9,4.8
1052,생크림,368,2.03,37.81,4.98
1053,고추기름,919,0.02,99.8,0
1054,닭기름,900,0,99.8,0
1055,돼지기름,915,0,99.38,0.58
1056,들기름,920,0,99.86,0
1057,땅콩버터,658,25.8,51.91,18.9
1058,땅콩버터청크,589,24.06,49.94,21.57
1059,땅콩버터크림,598,22.21,51.36,22.31
1060,땅콩기름,884,0,100,0
1061,마가린,714,0.2,72.41,12.06
1062,면실유,883,0,100,0
1063,복숭아씨기름,911,0.5,98.9,0.3
1064,쇠기름,869,0.2,99.8,0
1065,쇼트닝,917,0,99.52,0.48
1066,쌀겨기름(미강유),921,0,99.95,0.05
1067,아마씨유,884,0.11,99.98,0
1068,아몬드유,884,0,100,0
1069,아보카도유,917,0,99.52,0.48
1070,연어기름,902,0,100,0
1071,옥수수기름,919,0,99.74,0.17
1072,올리브유,921,0,100,0
1073,유채씨기름,920,0.02,99.85,0.1
1074,잇꽃씨기름,892,0,100,0
1075,참기름,917,0,99.59,0.14
1076,코코넛유,918,0,99.67,0.33
1077,콩기름,915,0,99.31,0.66
1078,팜유,917,0,99.56,0.44
1079,포도씨유,920,0,99.93,0.01
1080,해바라기유,919,0,99.76,0.2
1081,호두유,917,0,99.57,0.39
1082,바닐라 익스트랙,288,0.1,0.1,13
1083,식용유,886,0,100,0
1084,감잎차,335,12.2,2.8,67.5
1085,결명자차,391,19.8,4.9,67
1086,계피차,357,0,1.4,89
1087,구기자차,384,14.6,10.7,57.2
1088,구절초차,345,11.1,1.3,72.1
1089,국화차,358,14.5,2.3,69.9
1090,녹차,388,26.66,2.73,64.17
1091,다래나무순차,1,0.1,0,0.1
1092,대추차,75,0.12,0.44,17.75
1093,도라지차,22,0.3,0,5.1
1094,두충차,354,14.3,3.8,67.9
1095,둥굴레차,1,0,0.01,0.27
1096,민들레차,0,0.01,0,0.05
1097,보리차,0,0,0,0.07
1098,보이차,0,0.12,0,0
1099,사과차,167,0.1,0,41.6
1100,상지차,360,6,2.4,78.6
1101,생강차,353,0.1,0.2,90.7
1102,생강청,246,0.1,0.65,59.9
1103,쌍화차,411,1.64,3.81,92.61
1104,쑥차,338,26.3,0.8,56.4
1105,야콘차,98,0.6,0,24
1106,오미자차,371,16.3,7,60.8
1107,우롱차,0,0,0,0.1
1108,유자청,246,0.2,0.2,62.8
1109,유자차,73,0.03,0.01,18.05
1110,율무차,463,8.57,17.17,68.56
1111,인삼차,397,0.89,0.78,96.52
1112,치커리차,369,7.3,0.2,84.6
1113,카모마일차,1,0,0,0.2
1114,아메리카노(2샷),2,0.02,0.02,0.48
1115,에스프레소,22,0.2,0.22,4.93
1116,커피 가루,1,0.12,0.02,0
1117,커피 원두,4,0.2,0,0.7
1118,코코아,268,22.85,20.06,43.63
1119,헛개 음료,1,0,0,0.26
1120,홍삼차,382,1.3,0.7,95.8
1121,홍삼 음료,40,0.28,0.24,9.27
1122,홍차,2,0.23,0.04,0.26
1123,레모네이드,38,0,0,9.56
1124,매실 음료,44,0.06,0.01,11.02
1125,딸기셰이크,113,3.4,2.8,18.9
1126,바닐라셰이크,148,3.37,6.52,19.59
1127,초콜릿셰이크,119,3.05,2.7,21.15
1128,식혜,32,0.06,0,7.91
1129,쌀 음료,54,0.2,0.8,11.4
1130,이온 음료,37,0,0,9.16
1131,젖산 음료,36,0.21,0.01,8.85
1132,채소 주스,39,0.86,0.05,8.66
1133,레몬소다,44,0,0,10.88
1134,보리소다,47,0,0,11.77
1135,사이다,40,0,0,9.98
1136,소다수,0,0,0,0
1137,오렌지소다,48,0,0,12.08
1138,요구르트소다,47,0,0,11.74
1139,저칼로리콜라,2,0.11,0.03,0.29
1140,진저에일,34,0,0,8.76
1141,콜라,38,0,0,9.46
1142,파인애플소다,45,0,0.1,11.3
1143,포도소다,52,0,0,13.07
1144,혼합 음료,56,0,0.01,13.89
1145,토닉워터,34,0,0,8.8
1146,고량주,355,0,0,0
1147,돌복숭아주,35,0.1,0.6,7.2
1148,드라이진,280,0,0,0.1
1149,럼,237,0,0,0.1
1150,막걸리,54,0.98,0.15,1.56
1151,매실주,155,0.1,0,20.7
1152,맥주,46,0.21,0.01,3.27
1153,흑맥주,45,0.4,0,3.6
1154,보드카,237,0,0,0
1155,복분자주,137,0.12,0,7.49
1156,브랜디,234,0,0,0
1157,샴페인,45,0,0,0.5
1158,소주,127,0,0,0.08
1159,오가피주,107,1.7,0,1.9
1160,위스키,284,0.03,0,0.07
1161,청주,132,0.41,0,4.24
1162,다이키리,125,0,0,15.7
1163,위스키사워,149,0,0.03,13.17
1164,테킬라썬라이즈,110,0.3,0.1,11.3
1165,페퍼민트,300,0,0,37.6
1166,피냐콜라다,237,0.6,7.6,27.6
1167,무스카데,82,0.07,0,5.23
1168,샤르도네,84,0.07,0,2.16
1169,쇼비뇽블랑,81,0.07,0,2.05
1170,레드와인,125,0.1,0,3.84
1171,화이트와인,122,0.1,0,3.82
1172,간장,103,9.15,0,16.54
1173,재래간장,34,5.92,0.03,2.47
1174,블랙빈소스,149,8.5,5.2,15
1175,겨자 페이스트,296,8.01,12.7,37.36
1176,계피,343,3.55,0.51,81.07
1177,스테이크소스,96,3.8,5,10.1
1178,와사비 페이스트,299,29.94,3.45,55.1
1179,고추장,205,3.66,1.38,51.76
1180,고춧가루,319,13.29,8.4,60.62
1181,골든세이지,385,1.6,9.3,73.6
1182,피클링스파이스,29,3.99,0.69,3.78
1183,굴소스,219,2.49,0.05,52.08
1184,깨소금,638,18.1,56.7,13.7
1185,낫토,190,16.5,10,12.1
1186,바질 페스토,607,4,63,6
1187,데리야끼소스,89,5.93,0.02,15.56
1188,된장,193,13.73,7.25,18.94
1189,두반장,100,3,2.5,16
1190,라면 스프,246,17.4,3.1,37.2
1191,라벤다,330,12.6,8.7,63.3
1192,레몬그라스,99,1.82,0.49,25.31
1193,로즈마리,331,4.88,15.22,64.06
1194,다진마늘,170,4.7,0.5,37
1195,마요네즈,682,0.95,72.56,6.39
1196,저칼로리 마요네즈,341,0.89,31.97,12.35
1197,맛술,146,0.3,0.3,35.5
1198,홀그레인 머스타드,264,13,4.2,43
1199,머스타드소스,66,4.4,4,5
1200,미소,187,11.71,6.03,21.84
1201,민트,294,17.5,6.1,56.2
1202,바비큐소스,143,1.38,0.54,33.08
1203,사프란,310,11.43,5.85,65.37
1204,산초,302,9.66,4.01,68.57
1205,사우전드아일랜드 드레싱,287,1,23.23,18.44
1206,이탈리안 드레싱,155,0.33,9.54,16.92
1207,프렌치 드레싱,419,0.87,39.07,18.79
1208,생강 페이스트,41,0.7,0.6,8.6
1209,허브솔트,0,0,0,0
1210,소금,0,0,0,0
1211,소불고기 양념,181,2.17,0.01,42.98
1212,스파게티소스,81,1.52,2.4,13.43
1213,식초,10,1.62,0,0.9
1214,발사믹 식초,88,0.49,0,17.03
1215,배식초,43,0.2,0,10.5
1216,사과식초,11,0,0,2.7
1217,쌀식초,46,0.2,0,7.4
1218,알로에식초,12,0.1,0,3
1219,단촛물,100,0,0,25
1220,양조식초,1,0.02,0,0.34
1221,포도식초,22,0.1,0,1.2
1222,현미식초,17,0.1,0.01,4.18
1223,쌈장,240,9.88,4.81,39.18
1224,오레가노,265,9,4.28,68.92
1225,올스파이스,364,5.6,5.6,75.2
1226,해선장소스,219,3.3,3.4,44
1227,월계수,313,7.61,8.36,74.97
1228,넛맥,520,5.7,38.5,47.5
1229,정향,398,7.2,13.6,66.4
1230,멸치맛 다시다,211,14.12,2.81,32.37
1231,쇠고기맛 다시다,257,5.86,4.09,49.11
1232,아이싱 슈가,417,0,16,68
1233,요리당,77,6.19,0,13.02
1234,짜장분말,335,10,5,62
1235,짜장소스,351,10.51,4.33,67.42
1236,청국장,108,10.2,0.8,14.9
1237,초고추장,211,3.79,1.17,53.78
1238,치킨스톡,95,6,0.7,16
1239,칠리소스,112,1.8,0.1,26.3
1240,칠리,374,15,8.2,60.1
1241,커민,375,17.81,22.27,44.24
1242,강황가루,354,8,10,65
1243,커리파우더,325,13,14,58
1244,카레소스,425,8.38,18.69,55.76
1245,코리아타임,378,1.4,6.2,79.2
1246,타라곤,295,22.77,7.24,50.22
1247,올리고당,24,0,0,7.5
1248,타임,342,6.5,5.2,69.8
1249,템페,192,20.29,10.8,7.64
1250,쯔유,66,2,0,14.6
1251,캔토마토,32,1.6,0.3,7
1252,토마토소스,41,2,0.2,8.5
1253,물강활,289,19.6,2.5,61.6
1254,토마토 케첩,135,1.78,0.08,31.73
1255,마늘즙,45,1.9,0.15,9.9
1256,파슬리가루,292,26.63,5.48,50.64
1257,포크커틀릿소스,133,0.6,0.02,32.54
1258,피쉬소스,34,5,0,3.6
1259,핫소스,47,1.44,0.63,8.8
1260,춘장,177,14,3.7,22
1261,후추,362,12.87,5,66.33
1262,백후추,376,10.1,6.4,70.1
1263,라조기,199,10.3,11.7,13.1
1264,마파두부,114,7.6,6.9,5.4
1265,야끼소바,157,9.13,7.8,13.17
1266,막국수,109,3.8,1.1,20.9
1267,라이스페이퍼,291,9.8,1.5,57.9
1268,잡채,190,5.06,6.78,28.82
1269,고기 만두,208,9.38,6.58,27.79
1270,군만두,274,7,11.7,35.2
1271,김치 만두,187,8.13,6.59,23.82
1272,물만두,131,5.6,5.1,15.6
1273,만둣국,62,3.1,2.5,6.8
1274,하이라이스 고형분,159,5.13,4.75,24.57
1275,미트볼,199,10.2,12.5,13.4
1276,사골육수,10,1.4,0.4,0.3
1277,시판 돈까스,284,22.58,15.3,12.28
1278,엔초비,210,229,10,0
1279,참치액,37,3,0,6
1280,참치캔,180,16,13,0
1281,삼각김밥,166,3.7,1.6,34.1
1282,피쉬스틱,42,7.56,20.16,14.28
1283,스트링치즈,60,4,4.8,1
1284,오감자,166,1,10,18
1285,베이크드빈,151,5.54,5.15,21.39
1286,크림버섯스프,38,0.7,2.6,3.3
1287,갈색 거저리 유충,195,23.19,11,0.83
1288,고로쇠나무 수액,5,0,0.02,1.44
1289,누에 유충,482,50.85,26.53,10.06
1290,번데기,126,12.62,7.55,1.95
1291,단백질 보충제,411,45.71,17.14,18.5
1292,달팽이,75,16.5,1,0.8
1293,대나무,2,0,0.1,0.2
1294,메뚜기,125,24.29,2.26,1.86
1295,삼백초,301,12.1,3.8,67
1296,솔잎,161,4.5,3.9,32.9
1297,송화,340,17.4,8.6,63.2
1298,수세미 수액,4,0.8,0,0.7
1299,쌍별귀뚜라미,130,22.45,0,3.39
1300,백삼,316,15.7,0.5,69.8
1301,수삼,90,4.12,0.76,18.85
1302,홍삼,309,13.02,1.24,68.25
1303,홍삼액,30,0.5,0,7
1304,장수풍뎅이유충,502,44.62,27.21,19.55
1305,치자꽃,66,1.3,0.1,14.9
1306,베이킹파우더,51,0.1,0,24.1
1307,이스트,307,37.1,6.8,43.1
1308,프로폴리스,642,0.5,50.3,46.9
1309,흰점박이 꽃무지유충,122,15.78,5.2,2.9
1310,물,0,0,0,0
1311,발효효소액,11,1,0.5,2
1312,수박 껍질,15,0.3,0.075,3.27
1313,식용 색소,135,0,5.1,24.6
1314,소고기,288,26.33,19.54,0
1315,새우,106,20.31,1.73,0.91
1316,치즈,350,22.21,26.91,4.71
1317,방울토마토,16,0.9,0.1,2.9
1318,버섯,22,3.09,0.34,3.28
1319,호박,26,1,0.1,6.5
1320,야채,17,1.52,0.24,3.2
1321,홍피망,28,1.17,0.09,6.94
1322,청피망,22,0.9,0.04,5.36
1323,양상추,15,1.06,0.1,3.35
1324,미림,205,0,0,32
1325,과메기,177,20.25,9.95,0
1326,소고기패티,271,25.75,17.82,0
1327,올리브,117,0.92,11.27,5.4
1328,귤,47,0.85,0.15,12.02
1329,치킨너겟,297,15.59,18.82,16.32
1330,만두,124,3.3,3.21,20.22
1331,땅콩가루,560,28.43,43.11,24.62
1332,카놀라유,884,0,100,0
1333,오일,884,0,100,0
1334,집된장,180,14,7,15
1335,떡볶이떡,232,3.92,0.29,52.76
1336,타르타르소스,516,1.05,51.32,14.73
1337,밀가루(중력분),365,9,1.9,78
1338,와인,85,0.07,0,2.61
1339,칠면조패티,189,28.55,7.39,0.06
1340,우동다시,79,1.62,2.74,12.38
1341,우동국물,79,1.62,2.74,12.38
1342,포도잼,55,0,0,14
1343,흑임자,342,34.4,10.66,39.56
1344,저염된장,53,5.17,0.08,8.51
1345,울금가루,354,7.83,9.88,64.93
1346,블랙 올리브,105,0.88,9.54,6.06
1347,스냅콩,20,1.15,0.1,4.5
1348,국간장,60,8,0,7
1349,훈제연어,117,18.28,4.32,0
1350,요거트,65,1.29,0.02,15.23
1351,파프리카가루,385,15.5,11.6,55.6
1352,홀스래디쉬소스,325,1,33,7
1353,케이퍼,23,2.36,0.86,4.89
1354,휘핑크림,348,2.07,37.28,2.81
1355,혼합 샐러드 채소,17,1.52,0.24,3.2
1356,코코넛크림,197,2.02,21.33,2.81
1357,생크림 요거트,105,2,6,11
1358,계란,136,12.91,8.25,0.79
1359,계란 흰자,51,11,0.2,0.7
1360,계란 노른자,321,16,27,3.6
1361,다진생강,42,0.97,0.15,9.82
1362,우스타소스,100,1,0,24
1363,우스터소스,100,1,0,24
1364,계피가루,322,4,2,78
1365,비타민,200,1,0.18,49.36
1366,레몬주스,26,0.39,0,8.9
1367,닭고기(가슴) 소시지,130,16,6,3
1368,오트밀가루,382,13.2,8.2,64.9
1369,초코칩 쿠키,489,5.5,24.73,64.06
1370,카옌 파우더,340,12,20,60
1371,비엔나소시지,230,10.5,19.4,2.6
1372,완두,114,7.92,0.44,19.51
1373,프랑크소시지,358,9,34,4
1374,가쓰오부시,340,76.8,2.26,2.34
1375,만두피,245,13,2.8,52
1376,잉글리쉬머핀,227,8.87,1.69,44.17
1377,말린 고추,312,13.88,8.71,57.47
1378,바베큐소스,143,1.38,0.54,33.08
1379,어린잎 채소,15,2,0,2
1380,옐로,149,17.2,5,12.7
1381,파프리카(빨강),26,0.91,0.13,6.42
1382,토마토 페이스트,105,3,0,21
1383,피자소스,90,1,1,19
1384,적양배추,31,1.43,0.16,7.37
1385,얼음,0,0,0,0
1386,양파즙,30,0.66,0.06,7.22
1387,물김치,20,1.12,0.17,4.45
1388,알배추,15,1.25,0.04,3.2
1389,칵테일새우,63,15,1.25,0
1390,돈가스,284,22.58,15.3,12.28
1391,나쵸,531,6,29,62
1392,허니머스타드,285,1,19,27
1393,피클,91,0.38,0.12,25.07
1394,샐러리,14,0.69,0.17,2.97
1395,검은깨,565,20.4,50.7,17.1
1396,케첩,135,1.78,0.08,31.73
1397,빵,266,7.64,3.29,50.61
1398,현미국수,360,7,3,76
1399,견과,617,16.51,56.3,21.58
1400,즉석밥(현미),153,3,0.73,32.83
1401,현미밥,153,3,0.73,32.83
1402,잡곡밥,150,2.83,0.38,33.76
1403,백미밥,152,2.11,0.28,33.59
1404,곤드레,32,3.47,1.38,3.29
1405,두릅,21,2.92,0.48,2.71
1406,전분,330,0.23,0.04,79.16
1407,스트로베리,36,0.8,0.2,8.9
1408,연겨자,360,5,25,29
1409,앙금,267,5.7,4.28,51.4
1410,도라지청,300,0,0,80
1411,우유식빵,335,8,8,57
1412,김밥김,250,31.25,0,31.25
1413,잼,260,0.54,0.14,66.63
1414,배합초,43,0.2,0,10.5
1415,겨자소스,360,5,25,29
1416,쿠키 스프레드,575,5,35,60
1417,김치,38,1.97,0.57,6.24
1418,완두콩,114,7.92,0.44,19.51
